,Reward,ABpvalue,BCpvalue,CApvalue,pReward,kernel,gamma,bias,sample
0,1.8412676551058653,0.40033089114245285,0.025639961910456803,0.11810183364884588,4.110080273766824e-18,expset,1.0,1.0,10.0
1,1.9802390041993319,0.40322035372197657,0.1389372070951972,0.3107457613917001,3.0786657395910822e-18,gausset,1.0,1.0,10.0
2,,0.16579834194791992,0.12809235193618956,0.00910258587149253,6.301870847034426e-08,expset,0.1,1.0,10.0
3,1.9796985971008938,0.41186404239074903,0.13092383704334784,0.3119778024460919,1.2970953712465012e-18,gausset,0.1,1.0,10.0
4,1.778752573842928,1.4444687476590116e-07,0.009169670616184391,17.296156063415115,0.0,expset,0.02,1.0,10.0
5,1.970124038776234,0.3559134325986478,0.1484287093603972,0.31795159462622685,3.490406580152549e-16,gausset,0.02,1.0,10.0
6,1.759202417943257,8.536966770908775e-14,0.18774788303086445,297.59332425731645,0.0,expset,0.01,1.0,10.0
7,1.9546840321677197,0.4121463148255244,0.09515593474624498,0.36470934692849205,1.2609938644398584e-18,gausset,0.01,1.0,10.0
8,1.6664074058446101,0.00155461270902782,47321.9188764817,235903.81699589154,0.0,expset,0.002,1.0,10.0
9,1.8406755450457601,0.4844251917304307,0.04246718080455799,0.5806583291550631,6.057998726207672e-26,gausset,0.002,1.0,10.0
10,1.6236891675516096,0.09669068985586834,503042.60170077503,2164147.414583399,0.0,expset,0.001,1.0,10.0
11,1.769905173091518,0.5040716064991435,0.014587413781912634,0.8972548528104871,1.0782435188455473e-39,gausset,0.001,1.0,10.0
12,2.542465348523192,0.19341410370015522,0.5067223263627381,1.4851404979939152e-07,9.847567817270979e-23,expset,1.0,1.0,50.0
13,1.9675387569931502,0.9600396243804656,0.2810170003295444,1.0760408889126694,1.8541205367400373e-47,gausset,1.0,1.0,50.0
14,,0.14597176879933518,0.1373613403002583,0.00373445790314112,4.5764279535610063e-07,expset,0.1,1.0,50.0
15,1.9671544768127158,0.9488987252431916,0.302812840727886,1.078097944760902,1.5093889418158323e-47,gausset,0.1,1.0,50.0
16,,147.88803299224125,0.0,42.84001081306718,0.0,expset,0.02,1.0,50.0
17,1.9498213590915663,0.8351168952824087,0.2834069444078214,0.82830522877027,5.386839840624187e-37,gausset,0.02,1.0,50.0
18,1.731269497657012,12402.45125622509,3.9119303836261835e-53,4386.14638562493,0.0,expset,0.01,1.0,50.0
19,1.9141466512061474,0.7303907247075645,0.10445408901862152,0.5937870300266266,1.903416644157839e-32,gausset,0.01,1.0,50.0
20,1.7391195978292115,3353909.519990262,52350.5230831369,1384656.7807899602,0.0,expset,0.002,1.0,50.0
21,1.7066581016013624,1.6875402073634778,0.0014883706084558156,0.6792452535712001,5.141146685815332e-74,gausset,0.002,1.0,50.0
22,1.7217507683357236,27250434.843501464,800217.9086344093,12050477.248675495,0.0,expset,0.001,1.0,50.0
23,1.612437380325186,2.518792869748507,1.3676124202647147e-05,1.9045135592658262,4.0758253028534794e-110,gausset,0.001,1.0,50.0
24,2.519115447779502,0.1992531851610604,0.5075707918286447,4.917891329100199e-12,9.046500121418177e-23,expset,1.0,1.0,100.0
25,1.9607752408707992,1.2657608230438693,0.4542932570387656,0.5957466872279498,1.068331205836217e-55,gausset,1.0,1.0,100.0
26,,0.14407428610248302,0.164280136204091,0.0008320456598120287,7.335071237486857e-08,expset,0.1,1.0,100.0
27,1.9602953983351559,1.2693964772458668,0.4939687842096631,0.5597942927879487,7.426966388390797e-56,gausset,0.1,1.0,100.0
28,-37.30771338830436,84.40706646671772,443.8656341832353,0.0,0.0,expset,0.02,1.0,100.0
29,1.9381108718624347,0.9318181934192638,0.45219654747879867,0.29272039542584893,3.401339997293512e-41,gausset,0.02,1.0,100.0
30,1.6961184518606438,40049.33479251816,2.6533599781911744e-07,18705.70229398007,0.0,expset,0.01,1.0,100.0
31,1.8889434553177242,0.4127622931097412,0.11617901834916532,0.24202524334233447,1.1856632977424808e-18,gausset,0.01,1.0,100.0
32,1.7582314911915882,1354971.3253903638,4639866.74333291,3994971.8803989743,0.0,expset,0.002,1.0,100.0
33,1.6426528338613087,3.3667455613994877,0.0004658472093566419,0.9513369480226161,6.082723441702655e-147,gausset,0.002,1.0,100.0
34,1.762072962968618,11727332.345783575,36631829.04747942,38017192.92002386,0.0,expset,0.001,1.0,100.0
35,1.535956444422971,5.999893430328389,0.0008912295015210601,4.5218974366924805,2.6787927821259175e-261,gausset,0.001,1.0,100.0
36,2.735901726906933,0.01704408707647095,0.3234874480088876,2.002668720647602e-05,8.935495418477337e-15,expset,1.0,1.0,200.0
37,1.9537040832635353,0.5371913427526314,0.6572039423916759,0.0777689699843005,2.870750396122113e-29,gausset,1.0,1.0,200.0
38,,0.13904222899036844,0.20207934568194075,0.0004240267029259247,1.6741930177777166e-09,expset,0.1,1.0,200.0
39,1.953137157334216,0.552717674516278,0.7171145336514408,0.06509365468226463,7.179786237387811e-32,gausset,0.1,1.0,200.0
40,5.8366867383726335,188.04246432101576,1719.64876776449,0.0,0.0,expset,0.02,1.0,200.0
41,1.9250447001304651,0.3349155831299067,0.6019655762475539,0.040046806939670276,7.193946338790265e-27,gausset,0.02,1.0,200.0
42,1.7215577568942,6479.785469189657,100869.332795778,758.6253677090443,0.0,expset,0.01,1.0,200.0
43,1.8579652535884548,0.0960461917239302,0.10167635569230818,0.08458716535309328,3.839299375820429e-05,gausset,0.01,1.0,200.0
44,1.7810916043632474,8717899.242117517,20919932.089059275,7275756.741672355,0.0,expset,0.002,1.0,200.0
45,1.5790609140389273,6.8907711839130785,0.00046167690673274797,1.5409514082605933,5.465248036169217e-300,gausset,0.002,1.0,200.0
46,1.7827596673427273,73986486.52413027,172302650.277924,69848424.57180518,0.0,expset,0.001,1.0,200.0
47,1.5408062430079053,15.142618591546142,0.014214318560558463,10.903429354088573,0.0,gausset,0.001,1.0,200.0
48,,0.10277129128068156,0.35174060000355434,4.079598232648926e-17,5.297852170376009e-16,expset,1.0,1.0,300.0
49,1.9499335436284908,0.1899761065622794,0.6500693250600244,0.029263153150783726,5.859329579555875e-29,gausset,1.0,1.0,300.0
50,,0.14153783477896992,0.1778883101410967,0.005600760980324799,1.8810868656899614e-08,expset,0.1,1.0,300.0
51,1.9493060452870346,0.19635849635383762,0.7222113340168862,0.023528179146777007,4.312809613093215e-32,gausset,0.1,1.0,300.0
52,1.5593903291988953,348.5559759250594,3737.3923459328025,0.0,0.0,expset,0.02,1.0,300.0
53,1.9164914522523957,0.09136553736935978,0.7230919925938205,0.008750183172168859,3.949242215879284e-32,gausset,0.02,1.0,300.0
54,1.7320094643999808,38078.919502719924,171427.14644612634,10505.164977637107,0.0,expset,0.01,1.0,300.0
55,1.8354933080946232,0.021711439320632374,0.1261283282076919,0.030268351830329714,3.3290192370222914e-06,gausset,0.01,1.0,300.0
56,1.7816548605673534,17019501.745993327,30021768.6259945,19588929.994256098,0.0,expset,0.002,1.0,300.0
57,1.5276604135643321,12.16961724015443,0.049691692335611694,2.166065093510672,0.0,gausset,0.002,1.0,300.0
58,1.7833279876971186,141665468.1739949,246321953.46402887,178849125.9864167,0.0,expset,0.001,1.0,300.0
59,1.598331360862028,13.557568547002331,0.3151837017757221,19.86750882823024,0.0,gausset,0.001,1.0,300.0
60,1.8412676551058653,0.40033089114245274,0.0256399619104568,0.11810183364884594,4.1100802737668824e-18,expset,1.0,5.0,10.0
61,1.9802388603629901,0.4032231139125034,0.1389373454518773,0.3107419407708809,3.07781608645573e-18,gausset,1.0,5.0,10.0
62,,0.16579834194791987,0.12809235193618956,0.009102585871492524,6.30187084703447e-08,expset,0.1,5.0,10.0
63,1.9802338125752394,0.40337022607458367,0.13881890468391972,0.31084228325825763,3.0328690916542337e-18,gausset,0.1,5.0,10.0
64,1.778752573842929,1.4444687476588493e-07,0.009169670616184485,17.296156063415115,0.0,expset,0.02,5.0,10.0
65,1.975134509914225,0.3722238177879207,0.15979090661690803,0.3069902377114465,6.831640274749473e-17,gausset,0.02,5.0,10.0
66,1.7592024179433732,8.536966770881698e-14,0.18774788303098655,297.59332425732185,0.0,expset,0.01,5.0,10.0
67,1.9658968614508963,0.3885044016190917,0.12382373065768515,0.3434464037455223,1.3411217880293654e-17,gausset,0.01,5.0,10.0
68,1.6664074059437173,0.0015546127050016418,47321.918879235935,235903.8169991966,0.0,expset,0.002,5.0,10.0
69,1.8655103823117853,0.48902436264261495,0.05040403943092915,0.5548326997451182,8.015341159947171e-25,gausset,0.002,5.0,10.0
70,1.6236891668401747,0.09669068979208184,503042.6018061814,2164147.414800862,0.0,expset,0.001,5.0,10.0
71,1.791044293376364,0.5333871591519964,0.02069054957634159,0.7953174963675431,2.882703641048686e-35,gausset,0.001,5.0,10.0
72,2.542465348523192,0.19341410370015513,0.506722326362738,1.4851404979939202e-07,9.847567817271048e-23,expset,1.0,5.0,50.0
73,1.9675386813663311,0.9600407382768333,0.28102038963768206,1.0760411019422096,1.8540810389161981e-47,gausset,1.0,5.0,50.0
74,,0.14597176879933527,0.13736134030025837,0.003734457903141114,4.5764279535609735e-07,expset,0.1,5.0,50.0
75,1.9675338535601392,0.9598118897158568,0.28132749363614895,1.0761680485377716,1.830692877800287e-47,gausset,0.1,5.0,50.0
76,,147.88803299224338,0.0,42.84001081306737,0.0,expset,0.02,5.0,50.0
77,1.960754989809388,0.8891690661935359,0.3496068141516139,0.9834389636329377,1.9488951757074027e-43,gausset,0.02,5.0,50.0
78,1.7312694976650769,12402.451256259199,3.9119303818806075e-53,4386.146385625597,0.0,expset,0.01,5.0,50.0
79,1.9410254381668992,0.8473805006369027,0.18849931527188435,0.7454851997207872,1.5802742012702582e-37,gausset,0.01,5.0,50.0
80,1.739119597585095,3353909.528735573,52350.522142032016,1384656.7779691701,0.0,expset,0.002,5.0,50.0
81,1.7412880844402763,1.431417719852723,0.004012847204692506,0.5674312104000495,6.828389674293327e-63,gausset,0.002,5.0,50.0
82,1.7217507819016102,27250433.809094843,800218.0582129264,12050476.752932683,0.0,expset,0.001,5.0,50.0
83,1.636857247208096,2.5914252395426294,3.5394750276539315e-05,1.4574607703001388,2.856484160413976e-113,gausset,0.001,5.0,50.0
84,2.5191154477795017,0.19925318516106041,0.5075707918286448,4.917891329100355e-12,9.046500121418048e-23,expset,1.0,5.0,100.0
85,1.9607751566925629,1.2657695663014294,0.45430008741563105,0.5957361839353371,1.0673975445685239e-55,gausset,1.0,5.0,100.0
86,,0.14407428610248302,0.16428013620409093,0.0008320456598120309,7.335071237486909e-08,expset,0.1,5.0,100.0
87,1.9607687188022034,1.2658721057101898,0.45499526854955175,0.5952627484521438,1.0565084367984836e-55,gausset,0.1,5.0,100.0
88,-37.3077133789463,84.40706646671623,443.8656341831718,0.0,0.0,expset,0.02,5.0,100.0
89,1.9524547078354328,1.157545564542324,0.5790009451743869,0.3723548025347617,5.35099908570019e-51,gausset,0.02,5.0,100.0
90,1.696118451883957,40049.334789497014,2.6533599898999073e-07,18705.70229403905,0.0,expset,0.01,5.0,100.0
91,1.9260869443973971,0.6905054671407419,0.2662591685064347,0.2857192316471698,1.027374044809486e-30,gausset,0.01,5.0,100.0
92,1.7582314983625182,1354971.3400171492,4639866.847718399,3994971.8400246426,0.0,expset,0.002,5.0,100.0
93,1.6778561859972279,2.4871797377793134,0.0010838007052676442,0.6867595921320834,9.619587250653022e-109,gausset,0.002,5.0,100.0
94,1.7620729148012786,11727336.504490841,36631825.137592345,38017196.487787075,0.0,expset,0.001,5.0,100.0
95,1.5500995642476099,6.3339553710171534,0.00030259394108064086,3.046983000535434,8.314064216010875e-276,gausset,0.001,5.0,100.0
96,2.735901726906933,0.017044087076470916,0.32348744800888773,2.0026687206476028e-05,8.935495418477209e-15,expset,1.0,5.0,200.0
97,1.9537039784105352,0.5372320325219946,0.6572168407807161,0.07777198644301475,2.8670499775624164e-29,gausset,1.0,5.0,200.0
98,,0.13904222899036844,0.20207934568194083,0.0004240267029259255,1.6741930177777046e-09,expset,0.1,5.0,200.0
99,1.9536943963473654,0.5370263025388055,0.6584422080383772,0.07739080684829022,2.536402891867635e-29,gausset,0.1,5.0,200.0
100,5.8366867377068585,188.04246432099998,1719.6487677639682,0.0,0.0,expset,0.02,5.0,200.0
101,1.9437249958825742,0.509676528744269,0.8166970629752113,0.034110317556918505,3.3985778009156906e-36,gausset,0.02,5.0,200.0
102,1.721557757266622,6479.785455485808,100869.33277871397,758.6253685297647,0.0,expset,0.01,5.0,200.0
103,1.9083785241729632,0.1767013068105325,0.3121820766517777,0.06307781477736665,2.7676086296569086e-14,gausset,0.01,5.0,200.0
104,1.7810916177693077,8717899.281148901,20919932.747490738,7275756.064644589,0.0,expset,0.002,5.0,200.0
105,1.6110333585466288,4.3635408966657785,0.0006460217396102255,0.9738889020438095,3.1176452904787534e-190,gausset,0.002,5.0,200.0
106,1.7827594970085145,73986591.01375096,172302568.38011196,69848452.37928635,0.0,expset,0.001,5.0,200.0
107,1.4977606147798335,14.864263494512315,0.005100557456615763,6.887286917995847,0.0,gausset,0.001,5.0,200.0
108,,0.10277129128068162,0.35174060000355434,4.0795982326488677e-17,5.297852170376009e-16,expset,1.0,5.0,300.0
109,1.9499333747746541,0.19004257982860703,0.6501017637373881,0.02926508206336471,5.840353483987924e-29,gausset,1.0,5.0,300.0
110,,0.14153783477896992,0.17788831014109677,0.005600760980324782,1.8810868656899547e-08,expset,0.1,5.0,300.0
111,1.9499222839126942,0.18964760801368363,0.6514697903723747,0.029079742298755186,5.093619405986594e-29,gausset,0.1,5.0,300.0
112,1.5593903292252818,348.5559759252795,3737.3923459535836,0.0,0.0,expset,0.02,5.0,300.0
113,1.93861621211309,0.16204019186070218,0.9122821673286516,0.008574313285602103,2.399323894153671e-40,gausset,0.02,5.0,300.0
114,1.7320094644571848,38078.91949493591,171427.1464810309,10505.164997133437,0.0,expset,0.01,5.0,300.0
115,1.896231876445837,0.04354474563869279,0.3783652060658337,0.017046239043454696,3.6966461931832136e-17,gausset,0.01,5.0,300.0
116,1.7816548206748106,17019504.683523826,30021763.189757627,19588926.058813512,0.0,expset,0.002,5.0,300.0
117,1.5535900215076963,7.8349189195919955,0.02450117521302953,1.1676335676077787,0.0,gausset,0.002,5.0,300.0
118,1.7833277615526832,141665426.01228556,246322190.21496838,178849255.48462155,0.0,expset,0.001,5.0,300.0
119,1.5112546918264802,13.937742910535963,0.24522629768568738,12.290026650398804,0.0,gausset,0.001,5.0,300.0
120,1.8412676551058653,0.40033089114245274,0.02563996191045683,0.11810183364884595,4.1100802737668824e-18,expset,1.0,10.0,10.0
121,1.980238860311939,0.4032231149097869,0.1389373454664152,0.31074193937856165,3.0778157795102144e-18,gausset,1.0,10.0,10.0
122,,0.16579834194791998,0.12809235193618942,0.009102585871492553,6.30187084703438e-08,expset,0.1,10.0,10.0
123,1.9802392623122518,0.4032196758540628,0.1389364165334381,0.3107528243009161,3.078874439536738e-18,gausset,0.1,10.0,10.0
124,1.77875257384293,1.4444687476582212e-07,0.009169670616184587,17.296156063415115,0.0,expset,0.02,10.0,10.0
125,1.9779444217088193,0.4269377244333233,0.11574912077537622,0.3170685194765078,2.872964212863264e-19,gausset,0.02,10.0,10.0
126,1.7592024179433992,8.536966770816094e-14,0.18774788303083448,297.5933242573142,0.0,expset,0.01,10.0,10.0
127,1.972307582553019,0.3791929156001331,0.14584520088165506,0.32297234505049327,3.4029919191324804e-17,gausset,0.01,10.0,10.0
128,1.6664074058719955,0.001554612706898203,47321.91887745619,235903.8169954478,0.0,expset,0.002,10.0,10.0
129,1.8906664778030022,0.4913795769955903,0.05783426209118343,0.533816446876031,6.556110688323938e-24,gausset,0.002,10.0,10.0
130,1.6236891680706855,0.09669068926800299,503042.60168350494,2164147.4148028707,0.0,expset,0.001,10.0,10.0
131,1.8150386446903386,0.5485025686219537,0.02870096793297009,0.7105515284097549,1.38400994358363e-31,gausset,0.001,10.0,10.0
132,2.542465348523192,0.19341410370015508,0.506722326362738,1.485140497993915e-07,9.847567817271048e-23,expset,1.0,10.0,50.0
133,1.9675386813430489,0.960040738677668,0.2810203906443537,1.0760411020657747,1.8540810160062299e-47,gausset,1.0,10.0,50.0
134,,0.14597176879933524,0.13736134030025846,0.003734457903141121,4.576427953560982e-07,expset,0.1,10.0,50.0
135,1.9675389637648046,0.9600298830184388,0.2810075769729174,1.076046559045484,1.8530695237676042e-47,gausset,0.1,10.0,50.0
136,,147.88803299224534,0.0,42.8400108130678,0.0,expset,0.02,10.0,50.0
137,1.9653112925379306,0.9284014336864401,0.3337385963867268,1.0573989905095589,1.196038955839582e-46,gausset,0.02,10.0,50.0
138,1.731269497670937,12402.451256172595,3.9119304016981814e-53,4386.146385616406,0.0,expset,0.01,10.0,50.0
139,1.9552146908396355,0.8982980606367011,0.27967933432322095,0.8967416954206702,9.714286685431789e-40,gausset,0.01,10.0,50.0
140,1.7391195994766604,3353909.5146989278,52350.52304954968,1384656.7763475867,0.0,expset,0.002,10.0,50.0
141,1.7823883570724415,1.1232014377091426,0.009682680713838694,0.49335900189288207,1.659515655159743e-49,gausset,0.002,10.0,50.0
142,1.7217507336038693,27250434.10033594,800218.060610733,12050477.937454514,0.0,expset,0.001,10.0,50.0
143,1.6679241779597183,2.4627689136440964,0.00013779731500334076,1.0999223567998617,1.1048544269265728e-107,gausset,0.001,10.0,50.0
144,2.5191154477795017,0.1992531851610604,0.5075707918286448,4.917891329100199e-12,9.046500121418048e-23,expset,1.0,10.0,100.0
145,1.9607751566664344,1.2657695691740285,0.4543000899080823,0.5957361807085554,1.0673972379480471e-55,gausset,1.0,10.0,100.0
146,,0.14407428610248307,0.16428013620409102,0.0008320456598120404,7.335071237486857e-08,expset,0.1,10.0,100.0
147,1.960775445410201,1.2657470953113366,0.45429785095713815,0.5957805926433389,1.0697987894405201e-55,gausset,0.1,10.0,100.0
148,-37.307713385448174,84.40706646671475,443.8656341831625,0.0,0.0,expset,0.02,10.0,100.0
149,1.9580843378856247,1.2423709454815461,0.5514474687272145,0.477642579178335,1.1079378265446669e-54,gausset,0.02,10.0,100.0
150,1.696118451885372,40049.334789071094,2.6533599963821583e-07,18705.702294183855,0.0,expset,0.01,10.0,100.0
151,1.9452254241037852,0.9994388126114301,0.44228326030341825,0.34028147708717893,3.934810922778124e-44,gausset,0.01,10.0,100.0
152,1.7582314959893663,1354971.3489866112,4639866.676310193,3994971.968794583,0.0,expset,0.002,10.0,100.0
153,1.7228046188285866,1.5080448786644278,0.0029806177347775813,0.4950412479615207,3.209542074877594e-66,gausset,0.002,10.0,100.0
154,1.7620729955502574,11727333.80451834,36631824.32715458,38017192.553126276,0.0,expset,0.001,10.0,100.0
155,1.5817994489091411,5.960138190841606,0.00016867404338198922,1.9931274101032974,1.42720787595864e-259,gausset,0.001,10.0,100.0
156,2.7359017269069335,0.017044087076470912,0.32348744800888757,2.002668720647578e-05,8.935495418477337e-15,expset,1.0,10.0,200.0
157,1.953703978376878,0.5372320462314967,0.6572168456161577,0.07777198739581354,2.86704859121745e-29,gausset,1.0,10.0,200.0
158,,0.13904222899036847,0.20207934568194083,0.00042402670292592887,1.6741930177777046e-09,expset,0.1,10.0,200.0
159,1.953704196140799,0.5371304513405557,0.657219145020142,0.07775693789536163,2.866389416710405e-29,gausset,0.1,10.0,200.0
160,5.83668673770113,188.04246432097563,1719.6487677650362,0.0,0.0,expset,0.02,10.0,200.0
161,1.950561957691592,0.5538573717329456,0.7959957688170002,0.04731674881873518,2.6936613722926126e-35,gausset,0.02,10.0,200.0
162,1.7215577568190055,6479.785470257404,100869.33278892095,758.6253672061898,0.0,expset,0.01,10.0,200.0
163,1.9341790186810246,0.33376046861559433,0.5948851611221327,0.0453683612403557,1.4603794593739353e-26,gausset,0.01,10.0,200.0
164,1.7810916107923886,8717899.381690422,20919932.586224575,7275757.838242587,0.0,expset,0.002,10.0,200.0
165,1.6588391156039994,2.0026262253931355,0.0014587897730736767,0.5944602584540575,1.064260882482602e-87,gausset,0.002,10.0,200.0
166,1.7827595876428908,73986577.96263821,172302714.0747859,69848345.48922376,0.0,expset,0.001,10.0,200.0
167,1.4888925503197132,13.829538840012393,0.001510183006021796,4.078586872188819,0.0,gausset,0.001,10.0,200.0
168,,0.10277129128068163,0.3517406000035543,4.07959823264881e-17,5.297852170376047e-16,expset,1.0,10.0,300.0
169,1.9499333747195786,0.1900426022801542,0.6501017749936239,0.029265082696471833,5.840346909952089e-29,gausset,1.0,10.0,300.0
170,,0.14153783477896992,0.17788831014109682,0.005600760980324767,1.8810868656899412e-08,expset,0.1,10.0,300.0
171,1.9499337073650638,0.1898821710909692,0.6500549589678497,0.029256721878025478,5.867753195711577e-29,gausset,0.1,10.0,300.0
172,1.5593903292962201,348.55597592531245,3737.392345957487,0.0,0.0,expset,0.02,10.0,300.0
173,1.946431710229555,0.19016500943856093,0.8358198197075335,0.015082555874209641,5.021187552784129e-37,gausset,0.02,10.0,300.0
174,1.7320094643770036,38078.91955004296,171427.1464675699,10505.164913873272,0.0,expset,0.01,10.0,300.0
175,1.927246701934636,0.08919648129679726,0.682629952869462,0.011224199870232493,2.2581762147550495e-30,gausset,0.01,10.0,300.0
176,1.781654867790488,17019503.68045349,30021771.401316408,19588926.284853965,0.0,expset,0.002,10.0,300.0
177,1.6071261913961619,2.5586493306395637,0.016997091836097305,0.601728356101778,7.573061048055005e-112,gausset,0.002,10.0,300.0
178,1.7833280923848007,141665112.15715724,246322194.53064495,178848960.67886493,0.0,expset,0.001,10.0,300.0
179,1.4438624844403596,15.164094447574234,0.1405186515715001,6.763819958230104,0.0,gausset,0.001,10.0,300.0
180,1.8412676551058658,0.40033089114245274,0.02563996191045683,0.11810183364884587,4.1100802737668824e-18,expset,1.0,15.0,10.0
181,1.9802388603119376,0.4032231149098264,0.13893734546641842,0.3107419393784911,3.077815779498077e-18,gausset,1.0,15.0,10.0
182,,0.16579834194792004,0.12809235193618942,0.009102585871492546,6.301870847034358e-08,expset,0.1,15.0,10.0
183,1.9802389967733833,0.40322074763415244,0.13893721542249954,0.31074547521849266,3.0785444695875467e-18,gausset,0.1,15.0,10.0
184,1.7787525738429293,1.4444687476585192e-07,0.009169670616184566,17.296156063415125,0.0,expset,0.02,15.0,10.0
185,1.9793890833423617,0.41415735897538913,0.12870933873283932,0.3133106583897534,1.0312748716647985e-18,gausset,0.02,15.0,10.0
186,1.7592024179432229,8.536966770879851e-14,0.18774788303081594,297.5933242573171,0.0,expset,0.01,15.0,10.0
187,1.9751993223889044,0.43303294613855814,0.10477310480238314,0.32726683548271374,1.5617736851171107e-19,gausset,0.01,15.0,10.0
188,1.6664074058230731,0.0015546127078140844,47321.9188765262,235903.81699552562,0.0,expset,0.002,15.0,10.0
189,1.9101001219500637,0.4922079868368493,0.06375115686959427,0.5164619082986871,3.718299012449431e-23,gausset,0.002,15.0,10.0
190,1.6236891664813795,0.09669068980260317,503042.6017586584,2164147.414670323,0.0,expset,0.001,15.0,10.0
191,1.836284810028317,0.5502485464229998,0.036302531546399314,0.6560039999777145,3.2367433941212644e-29,gausset,0.001,15.0,10.0
192,2.542465348523192,0.19341410370015533,0.5067223263627381,1.4851404979939202e-07,9.847567817270979e-23,expset,1.0,15.0,50.0
193,1.9675386813430458,0.9600407386776871,0.28102039064440015,1.0760411020657816,1.854081016004965e-47,gausset,1.0,15.0,50.0
194,,0.14597176879933524,0.13736134030025837,0.00373445790314112,4.576427953560982e-07,expset,0.1,15.0,50.0
195,1.96753877564509,0.9600389262565503,0.28101601318815767,1.0760414390540238,1.8540185367074527e-47,gausset,0.1,15.0,50.0
196,,147.888032992248,0.0,42.84001081306803,0.0,expset,0.02,15.0,50.0
197,1.9668078635661121,0.9466927894481157,0.30637472057350074,1.0739823940836952,2.2779136593440824e-47,gausset,0.02,15.0,50.0
198,1.7312694976656369,12402.451256199502,3.9119303898532155e-53,4386.146385617428,0.0,expset,0.01,15.0,50.0
199,1.9611842870777538,0.9141081028500424,0.322453674449885,0.9888603317727617,1.1332910364382667e-43,gausset,0.01,15.0,50.0
200,1.7391195999855271,3353909.511564786,52350.52327587338,1384656.7785043248,0.0,expset,0.002,15.0,50.0
201,1.818755891595045,0.909418293065096,0.01806477931718321,0.46615129603844735,3.1949595049822373e-40,gausset,0.002,15.0,50.0
202,1.7217507601452229,27250433.861297343,800217.9882436215,12050477.799598103,0.0,expset,0.001,15.0,50.0
203,1.6973729606310717,2.205360356464332,0.00048485153886454696,0.8742959591306234,1.668847520976192e-96,gausset,0.001,15.0,50.0
204,2.519115447779502,0.1992531851610604,0.5075707918286447,4.91789132910032e-12,9.046500121418177e-23,expset,1.0,15.0,100.0
205,1.9607751566664313,1.265769569174156,0.4543000899081925,0.5957361807084068,1.0673972379344408e-55,gausset,1.0,15.0,100.0
206,,0.14407428610248307,0.16428013620409096,0.0008320456598120368,7.335071237486882e-08,expset,0.1,15.0,100.0
207,1.960775259130387,1.265761145033996,0.45429529114317063,0.5957495590786852,1.0682968071799789e-55,gausset,0.1,15.0,100.0
208,-37.30771338272318,84.40706646671988,443.8656341832109,0.0,0.0,expset,0.02,15.0,100.0
209,1.9598879586450133,1.2626317785036327,0.5010038872000175,0.545445952683577,1.4608263435022678e-55,gausset,0.02,15.0,100.0
210,1.6961184519122527,40049.3347896336,2.653359988768064e-07,18705.70229395364,0.0,expset,0.01,15.0,100.0
211,1.9529584437252212,1.1487838340760161,0.5274395013287999,0.3959928814257045,1.2851446011586061e-50,gausset,0.01,15.0,100.0
212,1.7582314901719958,1354971.2647398873,4639866.794934303,3994971.9008114003,0.0,expset,0.002,15.0,100.0
213,1.765274811725776,0.9057331717974619,0.00709035575650544,0.3867282084421386,4.618576496687827e-40,gausset,0.002,15.0,100.0
214,1.7620729896029137,11727326.016364064,36631828.8605001,38017199.4427179,0.0,expset,0.001,15.0,100.0
215,1.6172550554118446,5.020234674143183,0.0001946489588710019,1.3959793892146632,9.418425699041685e-219,gausset,0.001,15.0,100.0
216,2.7359017269069326,0.01704408707647095,0.32348744800888757,2.0026687206475957e-05,8.935495418477337e-15,expset,1.0,15.0,200.0
217,1.9537039783768766,0.5372320462321031,0.6572168456163665,0.07777198739585812,2.8670485911575984e-29,gausset,1.0,15.0,200.0
218,,0.13904222899036842,0.20207934568194091,0.00042402670292592703,1.6741930177776928e-09,expset,0.1,15.0,200.0
219,1.9537040910185985,0.537195603333048,0.6572088849635286,0.07776865947132951,2.8693318577020037e-29,gausset,0.1,15.0,200.0
220,5.836686738005893,188.04246432097784,1719.6487677647142,0.0,0.0,expset,0.02,15.0,200.0
221,1.9526702164739396,0.5497113497666448,0.7263731666458592,0.06235844912941936,2.8445540631233906e-32,gausset,0.02,15.0,200.0
222,1.7215577568165408,6479.785472356222,100869.33278249647,758.6253682304401,0.0,expset,0.01,15.0,200.0
223,1.9442207748740299,0.4586550590109599,0.7417745508487668,0.04107838091692079,6.097342276903177e-33,gausset,0.01,15.0,200.0
224,1.7810915830646192,8717899.109752405,20919932.088102117,7275758.06300934,0.0,expset,0.002,15.0,200.0
225,1.7059486280612326,0.8527847050811915,0.0033959447399620275,0.39033480653358466,9.205149223184127e-38,gausset,0.002,15.0,200.0
226,1.7827594859041929,73986486.05016935,172302761.26822427,69848626.96938218,0.0,expset,0.001,15.0,200.0
227,1.5154514319740735,11.48246190733384,0.0006101698798619278,2.57009773583298,0.0,gausset,0.001,15.0,200.0
228,,0.1027712912806815,0.35174060000355434,4.079598232648665e-17,5.297852170376009e-16,expset,1.0,15.0,300.0
229,1.9499333747195764,0.19004260228116093,0.6501017749941,0.029265082696501694,5.840346909673968e-29,gausset,1.0,15.0,300.0
230,,0.14153783477896995,0.17788831014109688,0.00560076098032477,1.881086865689928e-08,expset,0.1,15.0,300.0
231,1.9499335449024227,0.1899828927021043,0.6500749282438617,0.029263122851475105,5.856047409092107e-29,gausset,0.1,15.0,300.0
232,1.5593903292009537,348.55597592525606,3737.3923459636558,0.0,0.0,expset,0.02,15.0,300.0
233,1.948786747709974,0.19255042799058827,0.7367320432186439,0.02205523136496192,1.0095641004134851e-32,gausset,0.02,15.0,300.0
234,1.732009464848617,38078.91944490274,171427.14642481713,10505.164928365451,0.0,expset,0.01,15.0,300.0
235,1.939115721997783,0.13773236684032383,0.8150801265336064,0.011063932075979712,3.9950284253521687e-36,gausset,0.01,15.0,300.0
236,1.7816548357329023,17019501.98681151,30021767.54513576,19588919.09788221,0.0,expset,0.002,15.0,300.0
237,1.6609270863141457,0.70431501812746,0.01816769240118802,0.339769707848084,2.5821853365307146e-31,gausset,0.002,15.0,300.0
238,1.7833283314550354,141664868.06568813,246322124.2733851,178849105.04176056,0.0,expset,0.001,15.0,300.0
239,,16.35533580123131,0.06804926541856593,3.885441102800877,0.0,gausset,0.001,15.0,300.0
240,1.8412676551058647,0.4003308911424528,0.02563996191045677,0.11810183364884595,4.110080273766853e-18,expset,1.0,20.0,10.0
241,1.978021576859263,0.129811097817686,0.9747634347165293,0.20046771202773797,4.6404694100999065e-43,gausset,1.0,20.0,10.0
242,,0.1657983419479199,0.12809235193618948,0.009102585871492569,6.301870847034448e-08,expset,0.1,20.0,10.0
243,1.9802389104564386,0.4032221577640431,0.13893731893787462,0.3107432803252468,3.078110385436402e-18,gausset,0.1,20.0,10.0
244,1.7787525738429264,1.4444687476589147e-07,0.009169670616184617,17.296156063415115,0.0,expset,0.02,20.0,10.0
245,1.9799381817526762,0.4076296238238709,0.13487370886100689,0.3117188735574349,1.9809356656713045e-18,gausset,0.02,20.0,10.0
246,1.75920241794327,8.536966770894951e-14,0.18774788303089715,297.59332425731975,0.0,expset,0.01,20.0,10.0
247,1.9771159464435488,0.4291096091402124,0.11262722893261755,0.32132503752570213,2.312099191680061e-19,gausset,0.01,20.0,10.0
248,1.6664074056831022,0.001554612706433716,47321.9188757596,235903.81700006576,0.0,expset,0.002,20.0,10.0
249,1.9249466979092769,0.4907630326699231,0.06948893271594708,0.49880802754835224,2.172914363234865e-22,gausset,0.002,20.0,10.0
250,1.6236891668570177,0.09669069060313186,503042.60151484556,2164147.4145165347,0.0,expset,0.001,20.0,10.0
251,1.854886948605333,0.5459244621139226,0.043048304889765666,0.6200880310842145,1.1746783934365792e-27,gausset,0.001,20.0,10.0
252,2.542465348523192,0.19341410370015524,0.506722326362738,1.485140497993915e-07,9.847567817271048e-23,expset,1.0,20.0,50.0
253,1.9699737199619014,0.3511246114376202,0.7351996446107828,2.2649127738838857,4.3260150998908e-99,gausset,1.0,20.0,50.0
254,,0.14597176879933513,0.13736134030025848,0.0037344579031411106,4.5764279535610386e-07,expset,0.1,20.0,50.0
255,1.9675387101166335,0.9600402692362595,0.2810190720742187,1.076041070827933,1.8540868077642003e-47,gausset,0.1,20.0,50.0
256,,147.88803299223986,0.0,42.840010813067,0.0,expset,0.02,20.0,50.0
257,1.9672995042313524,0.9546776656576851,0.2914061642466953,1.0764364010675307,1.7822190834909279e-47,gausset,0.02,20.0,50.0
258,1.731269497655001,12402.451256232831,3.9119303892230487e-53,4386.1463856264,0.0,expset,0.01,20.0,50.0
259,1.9640759599395288,0.9262348623104927,0.32934558491084365,1.036889504527281,9.299529662894475e-46,gausset,0.01,20.0,50.0
260,1.7391196004996479,3353909.5124415536,52350.524399111964,1384656.7824551393,0.0,expset,0.002,20.0,50.0
261,1.849244423565988,0.7906736227170413,0.028798739163998253,0.46934023119703566,4.5864943912638456e-35,gausset,0.002,20.0,50.0
262,1.7217508104334187,27250433.089500595,800218.0476415671,12050477.114029398,0.0,expset,0.001,20.0,50.0
263,1.7246756220106816,1.9128374304686915,0.0013575182245718319,0.7272730617349509,8.443566282078264e-84,gausset,0.001,20.0,50.0
264,2.519115447779502,0.19925318516106033,0.5075707918286447,4.917891329100391e-12,9.046500121418177e-23,expset,1.0,20.0,100.0
265,1.9655174619579894,0.5253499940181097,0.20241707491117117,0.04295217007162966,1.5287612043000148e-23,gausset,1.0,20.0,100.0
266,,0.14407428610248305,0.16428013620409104,0.0008320456598120324,7.335071237486831e-08,expset,0.1,20.0,100.0
267,1.9607751884036415,1.2657666151023923,0.45429792949089637,0.5957401690991856,1.0677126013165705e-55,gausset,0.1,20.0,100.0
268,-37.30771337828049,84.40706646671269,443.86563418321015,0.0,0.0,expset,0.02,20.0,100.0
269,1.9604818026011377,1.266178701582402,0.4734214913792479,0.5765359209566046,1.024607852471614e-55,gausset,0.02,20.0,100.0
270,1.6961184518055346,40049.33478902206,2.653359996889158e-07,18705.70229417117,0.0,expset,0.01,20.0,100.0
271,1.9565722022609588,1.2135976641042459,0.5427554044406843,0.4500571257597757,1.9684442663693328e-53,gausset,0.01,20.0,100.0
272,1.7582315007651634,1354971.2899612465,4639866.858527128,3994971.8826657236,0.0,expset,0.002,20.0,100.0
273,1.802987120389881,0.6035152797891882,0.014559391738738124,0.32567793294147046,6.161187481392366e-27,gausset,0.002,20.0,100.0
274,1.7620729615936672,11727337.92824998,36631823.87315793,38017191.545588695,0.0,expset,0.001,20.0,100.0
275,1.6509908592629068,3.9494537801520773,0.00033871261644716205,1.0345488003039185,3.001937698810192e-172,gausset,0.001,20.0,100.0
276,2.7359017269069335,0.0170440870764709,0.32348744800888746,2.0026687206476024e-05,8.935495418477463e-15,expset,1.0,20.0,200.0
277,1.9608856052497003,0.6979268686057488,0.024309740024474835,8.41308366667808e-11,4.89126529837704e-31,gausset,1.0,20.0,200.0
278,,0.13904222899036847,0.20207934568194094,0.0004240267029259256,1.6741930177776868e-09,expset,0.1,20.0,200.0
279,1.9537040161942871,0.5372185276887701,0.6572129346540999,0.07777089988770353,2.8681701023383637e-29,gausset,0.1,20.0,200.0
280,5.8366867384272805,188.04246432100146,1719.6487677605924,0.0,0.0,expset,0.02,20.0,200.0
281,1.9533589071285453,0.5429374605634588,0.6860530911302006,0.07114505303015665,1.6035880933383952e-30,gausset,0.02,20.0,200.0
282,1.7215577568462854,6479.785467602174,100869.33278754597,758.6253694914184,0.0,expset,0.01,20.0,200.0
283,1.948714500652137,0.5191139442806979,0.777269747871216,0.04499952944371708,1.7522810120814428e-34,gausset,0.01,20.0,200.0
284,1.7810915634035924,8717899.24013798,20919932.07778224,7275758.969454724,0.0,expset,0.002,20.0,200.0
285,1.749541754540545,0.39827526300947397,0.007410819022191242,0.2737667964239222,5.048066874865445e-18,gausset,0.002,20.0,200.0
286,1.7827597375736146,73986465.5508321,172302677.76250067,69848490.63961357,0.0,expset,0.001,20.0,200.0
287,1.5555749092009221,8.41617040225148,0.0004058720053203394,1.7174152428101883,0.0,gausset,0.001,20.0,200.0
288,,0.10277129128068158,0.3517406000035543,4.079598232648666e-17,5.297852170376047e-16,expset,1.0,20.0,300.0
289,1.95848411645894,0.7417362424606763,0.07522376224583611,0.00023087159322433254,6.120745009757928e-33,gausset,1.0,20.0,300.0
290,,0.14153783477896986,0.17788831014109682,0.0056007609803247526,1.8810868656899412e-08,expset,0.1,20.0,300.0
291,1.9499334338731904,0.19002044264924328,0.6500911906233867,0.029264409909736916,5.846531821945438e-29,gausset,0.1,20.0,300.0
292,1.5593903293716829,348.55597592509633,3737.3923459387665,0.0,0.0,expset,0.02,20.0,300.0
293,1.9495503896323694,0.19122982140425884,0.6851324901412568,0.026156657100104737,1.7582232387414314e-30,gausset,0.02,20.0,300.0
294,1.7320094645744377,38078.919545142366,171427.14638801015,10505.164938300692,0.0,expset,0.01,20.0,300.0
295,1.944313666071802,0.16907265742455246,0.8275614452855339,0.013559398389601934,1.1467350519097051e-36,gausset,0.01,20.0,300.0
296,1.7816548613339274,17019498.590753518,30021771.794397052,19588920.27378885,0.0,expset,0.002,20.0,300.0
297,1.7101897560087016,0.22749231192154803,0.023352502069205593,0.20576937554256847,1.318664837272832e-10,gausset,0.002,20.0,300.0
298,1.7833280921931052,141665234.15275806,246322297.4859171,178849292.51024896,0.0,expset,0.001,20.0,300.0
299,1.4696038487559355,15.09301961582245,0.03257654863626434,2.3610960657024584,0.0,gausset,0.001,20.0,300.0
300,1.8412676551058658,0.4003308911424528,0.025639961910456803,0.11810183364884588,4.110080273766853e-18,expset,1.0,25.0,10.0
301,1.978021576859263,0.12981109781768566,0.974763434716529,0.20046771202773797,4.640469410099973e-43,gausset,1.0,25.0,10.0
302,,0.16579834194791992,0.12809235193618948,0.009102585871492546,6.301870847034426e-08,expset,0.1,25.0,10.0
303,1.9802388788620715,0.4032227544812565,0.1389373386009608,0.3107424417027839,3.077926714771239e-18,gausset,0.1,25.0,10.0
304,1.7787525738429295,1.4444687476589462e-07,0.009169670616184388,17.29615606341512,0.0,expset,0.02,25.0,10.0
305,1.980136124125382,0.40488508028331077,0.1374236437072359,0.3111341831629687,2.606539932760953e-18,gausset,0.02,25.0,10.0
306,1.7592024179432695,8.536966770818767e-14,0.187747883030898,297.59332425731776,0.0,expset,0.01,25.0,10.0
307,1.9783206958151416,0.4226320047527881,0.12021608187497478,0.31729679436998953,4.4190126624834525e-19,gausset,0.01,25.0,10.0
308,1.6664074058342047,0.001554612709682951,47321.91887726507,235903.8169923581,0.0,expset,0.002,25.0,10.0
309,1.9362649907324763,0.4857525464634376,0.07586163249737597,0.47987996896202173,8.017425813935267e-22,gausset,0.002,25.0,10.0
310,1.6236891673454785,0.09669068967656752,503042.60139201896,2164147.414382752,0.0,expset,0.001,25.0,10.0
311,1.8710412357742887,0.539636042306374,0.04883885472857106,0.5954868149613696,1.375106141157328e-26,gausset,0.001,25.0,10.0
312,2.542465348523192,0.19341410370015533,0.506722326362738,1.4851404979939202e-07,9.847567817271048e-23,expset,1.0,25.0,50.0
313,1.9699737199619027,0.3511246114376214,0.7351996446107776,2.264912773883882,4.326015099892398e-99,gausset,1.0,25.0,50.0
314,,0.1459717687993353,0.13736134030025837,0.0037344579031411205,4.5764279535609576e-07,expset,0.1,25.0,50.0
315,1.9675386907775771,0.9600405846428502,0.2810199680643602,1.0760410703863281,1.854086889641578e-47,gausset,0.1,25.0,50.0
316,,147.88803299224165,0.0,42.84001081306712,0.0,expset,0.02,25.0,50.0
317,1.967460262368026,0.9579762019659739,0.28494261176130337,1.076461321632485,1.7777832223516083e-47,gausset,0.02,25.0,50.0
318,1.7312694976787562,12402.451256176526,3.9119303905063543e-53,4386.146385616199,0.0,expset,0.01,25.0,50.0
319,1.9656079857183488,0.9363451704563064,0.32144383958925116,1.0597850893955256,9.421463440761457e-47,gausset,0.01,25.0,50.0
320,1.7391195995572026,3353909.511262673,52350.52389493725,1384656.784573031,0.0,expset,0.002,25.0,50.0
321,1.8738869634786917,0.7402677388498248,0.04164921526942552,0.4923805460670929,7.08892837982724e-33,gausset,0.002,25.0,50.0
322,1.7217507736124715,27250433.367481317,800217.9027582516,12050477.35690105,0.0,expset,0.001,25.0,50.0
323,1.7498860841582529,1.6342977249149444,0.0030192880078426278,0.6298661868766289,1.0552409305897784e-71,gausset,0.001,25.0,50.0
324,2.5191154477795017,0.1992531851610604,0.5075707918286447,4.91789132910032e-12,9.046500121418177e-23,expset,1.0,25.0,100.0
325,1.9655174619579887,0.5253499940181113,0.20241707491117122,0.04295217007162828,1.528761204299754e-23,gausset,1.0,25.0,100.0
326,,0.14407428610248305,0.16428013620409082,0.0008320456598120321,7.335071237486987e-08,expset,0.1,25.0,100.0
327,1.960775167164649,1.265768506194973,0.4542992313079475,0.5957374844196198,1.0675107060694318e-55,gausset,0.1,25.0,100.0
328,-37.307713379278574,84.40706646671487,443.8656341831788,0.0,0.0,expset,0.02,25.0,100.0
329,1.9606779108916854,1.266313077666381,0.4615780872359023,0.5888155679742209,1.0109316667934626e-55,gausset,0.02,25.0,100.0
330,1.6961184518688652,40049.33478933934,2.653359990602442e-07,18705.70229358321,0.0,expset,0.01,25.0,100.0
331,1.9584430747853676,1.2431014071277864,0.5289162880510748,0.4958558301855457,1.0298923774810543e-54,gausset,0.01,25.0,100.0
332,1.7582315042227765,1354971.2737000422,4639866.8331962805,3994971.861140915,0.0,expset,0.002,25.0,100.0
333,1.8348274101619526,0.4662784333735676,0.026376943941709374,0.2932485800535207,5.6206292032823255e-21,gausset,0.002,25.0,100.0
334,1.7620729297329794,11727331.608298352,36631820.50051881,38017199.49393686,0.0,expset,0.001,25.0,100.0
335,1.6817390068246398,2.990581302009664,0.000674403562719358,0.8029975560996802,1.3203962596589e-130,gausset,0.001,25.0,100.0
336,2.735901726906933,0.0170440870764709,0.32348744800888746,2.0026687206475957e-05,8.935495418477463e-15,expset,1.0,25.0,200.0
337,1.9608856052497003,0.6979268686057487,0.024309740024474676,8.413083666676196e-11,4.89126529837704e-31,gausset,1.0,25.0,200.0
338,,0.1390422289903684,0.20207934568194072,0.0004240267029259231,1.6741930177777226e-09,expset,0.1,25.0,200.0
339,1.9537039914013965,0.5372270528991054,0.6572152303867391,0.07777161367320866,2.867511722742553e-29,gausset,0.1,25.0,200.0
340,5.836686739221766,188.042464320995,1719.648767765466,0.0,0.0,expset,0.02,25.0,200.0
341,1.9535874025669988,0.5392831129846595,0.6683873735543435,0.07510990813885335,9.382210857947918e-30,gausset,0.02,25.0,200.0
342,1.721557757005407,6479.785467683847,100869.33279605788,758.6253662957643,0.0,expset,0.01,25.0,200.0
343,1.9509670662496357,0.5409847923344686,0.7635893019934462,0.0520070863981231,6.882369264150662e-34,gausset,0.01,25.0,200.0
344,1.781091601595399,8717899.519776754,20919934.52315302,7275755.318107107,0.0,expset,0.002,25.0,200.0
345,1.7881136448522708,0.22459045433365338,0.015041435235971021,0.20416476213705378,1.7626273291339733e-10,gausset,0.002,25.0,200.0
346,1.7827595857380318,73986534.2117882,172302696.8383121,69848424.04863304,0.0,expset,0.001,25.0,200.0
347,1.5963127613835968,5.656461574279979,0.00043594092706268536,1.2072290027990407,2.2029017059128136e-246,gausset,0.001,25.0,200.0
348,,0.10277129128068162,0.3517406000035543,4.079598232648608e-17,5.297852170376047e-16,expset,1.0,25.0,300.0
349,1.95848411645894,0.7417362424606763,0.0752237622458362,0.00023087159322433254,6.120745009757928e-33,gausset,1.0,25.0,300.0
350,,0.14153783477896986,0.1778883101410968,0.0056007609803247664,1.8810868656899478e-08,expset,0.1,25.0,300.0
351,1.9499333955734848,0.1900344222293304,0.6500977655172634,0.029264843191946957,5.842689052746291e-29,gausset,0.1,25.0,300.0
352,1.5593903293049638,348.55597592513544,3737.3923459384728,0.0,0.0,expset,0.02,25.0,300.0
353,1.9498034749490474,0.19028845413401033,0.6634399098018313,0.028012303563702365,1.5387597220496532e-29,gausset,0.02,25.0,300.0
354,1.732009465403011,38078.919474964285,171427.1464004842,10505.164944517493,0.0,expset,0.01,25.0,300.0
355,1.9468739902604635,0.18371996412142344,0.7938657432280876,0.017043011221238035,3.3331037667618436e-35,gausset,0.01,25.0,300.0
356,1.7816548609722356,17019504.896125212,30021767.716328662,19588916.132728,0.0,expset,0.002,25.0,300.0
357,1.754036867646287,0.09752466994536159,0.032820555935185514,0.13235667113664293,1.7857588381397654e-06,gausset,0.002,25.0,300.0
358,1.7833282264558465,141665265.64941168,246322126.6918534,178848906.5908735,0.0,expset,0.001,25.0,300.0
359,1.5174912382260834,10.763582710852514,0.01809192898390484,1.5164762602383333,0.0,gausset,0.001,25.0,300.0
360,1.8412676551058655,0.4003308911424527,0.02563996191045683,0.11810183364884587,4.1100802737668824e-18,expset,1.0,50.0,10.0
361,,,,,,gausset,1.0,50.0,10.0
362,,0.16579834194791992,0.12809235193618948,0.009102585871492546,6.301870847034426e-08,expset,0.1,50.0,10.0
363,1.9802388604375034,0.4032231124568921,0.13893734543062491,0.3107419428029918,3.0778165344661533e-18,gausset,0.1,50.0,10.0
364,1.7787525738429273,1.44446874765869e-07,0.00916967061618442,17.296156063415115,0.0,expset,0.02,50.0,10.0
365,1.980239009375979,0.40322817193718224,0.1389303526007324,0.310758840895764,3.0762597131254226e-18,gausset,0.02,50.0,10.0
366,1.759202417943186,8.536966770902984e-14,0.18774788303084303,297.5933242573153,0.0,expset,0.01,50.0,10.0
367,1.9800954597012188,0.40542320449020447,0.13692340021748853,0.3112660772864402,2.4699828934134946e-18,gausset,0.01,50.0,10.0
368,1.6664074058173652,0.0015546127065761718,47321.91887615173,235903.81699703276,0.0,expset,0.002,50.0,10.0
369,1.9639146098744626,0.42820228028767465,0.11463343960476077,0.3861252530105247,2.5316942385396683e-19,gausset,0.002,50.0,10.0
370,1.6236891672767686,0.09669069005184064,503042.60202736635,2164147.4149006195,0.0,expset,0.001,50.0,10.0
371,1.923780744508806,0.5134957395294135,0.06899121154384054,0.5270077951542649,1.295216190172778e-23,gausset,0.001,50.0,10.0
372,2.542465348523192,0.19341410370015527,0.5067223263627381,1.4851404979939205e-07,9.847567817270979e-23,expset,1.0,50.0,50.0
373,,,,,,gausset,1.0,50.0,50.0
374,,0.14597176879933513,0.13736134030025857,0.003734457903141098,4.5764279535610386e-07,expset,0.1,50.0,50.0
375,1.9675386814003895,0.9600407376914453,0.2810203881636313,1.0760411017627334,1.8540810721925542e-47,gausset,0.1,50.0,50.0
376,,147.88803299224466,0.0,42.840010813067984,0.0,expset,0.02,50.0,50.0
377,1.96753867913226,0.96001674328228,0.2810240448659376,1.076054129559244,1.8516671858227002e-47,gausset,0.02,50.0,50.0
378,1.7312694976680663,12402.451256161836,3.911930394855774e-53,4386.146385611011,0.0,expset,0.01,50.0,50.0
379,1.9674260652772504,0.9573478410521186,0.2861720156482409,1.0764148351452145,1.7860667507548284e-47,gausset,0.01,50.0,50.0
380,1.7391195944016462,3353909.5223942986,52350.52412263214,1384656.7877431822,0.0,expset,0.002,50.0,50.0
381,1.9369200683236152,0.8690161291567876,0.14352637873739924,0.7135743019736315,1.8159715578779705e-38,gausset,0.002,50.0,50.0
382,1.7217507709089155,27250434.86167401,800218.0071475838,12050477.133242212,0.0,expset,0.001,50.0,50.0
383,1.8470983122957882,0.8598506910070316,0.02424667006768256,0.48520665257623957,4.541078019385809e-38,gausset,0.001,50.0,50.0
384,2.5191154477795017,0.19925318516106041,0.5075707918286448,4.917891329100355e-12,9.046500121418048e-23,expset,1.0,50.0,100.0
385,,,,,,gausset,1.0,50.0,100.0
386,,0.14407428610248305,0.16428013620409102,0.0008320456598120337,7.335071237486857e-08,expset,0.1,50.0,100.0
387,1.9607751567307783,1.2657695621077836,0.45430008378160885,0.5957361886547987,1.067397992197343e-55,gausset,0.1,50.0,100.0
388,-37.307713384930956,84.40706646671191,443.8656341830702,0.0,0.0,expset,0.02,50.0,100.0
389,1.9607750657882974,1.2657551857341764,0.4543376186075139,0.5957530583980739,1.0689336270081877e-55,gausset,0.02,50.0,100.0
390,1.6961184518425818,40049.33478929175,2.6533599949944266e-07,18705.702294433704,0.0,expset,0.01,50.0,100.0
391,1.96063650301346,1.2662042086612888,0.4638322342811956,0.5863430800780429,1.0219977074134562e-55,gausset,0.01,50.0,100.0
392,1.758231497612155,1354971.2458151933,4639866.825207529,3994971.9870086494,0.0,expset,0.002,50.0,100.0
393,1.9202119511482958,0.5652687616759278,0.17441761825559468,0.2942465512897,2.822861698935195e-25,gausset,0.002,50.0,100.0
394,1.7620729416406005,11727331.301494375,36631828.433219194,38017211.37908332,0.0,expset,0.001,50.0,100.0
395,1.8000184508347419,0.7371175838371014,0.010420496269353038,0.3683239436210635,9.713820692578549e-33,gausset,0.001,50.0,100.0
396,2.7359017269069326,0.017044087076470937,0.32348744800888757,2.0026687206475957e-05,8.935495418477337e-15,expset,1.0,50.0,200.0
397,,,,,,gausset,1.0,50.0,200.0
398,,0.13904222899036844,0.20207934568194075,0.000424026702925927,1.6741930177777166e-09,expset,0.1,50.0,200.0
399,1.9537039784597168,0.5372320125111073,0.657216833734942,0.07777198504982295,2.8670519976217546e-29,gausset,0.1,50.0,200.0
400,5.836686738561765,188.0424643209879,1719.6487677654368,0.0,0.0,expset,0.02,50.0,200.0
401,1.9537036050224543,0.5371215925655599,0.6572919159298064,0.07773423248731137,2.8456061527475366e-29,gausset,0.02,50.0,200.0
402,1.7215577571953165,6479.785452744707,100869.33278103977,758.6253687309044,0.0,expset,0.01,50.0,200.0
403,1.9535393425161667,0.5399103305381258,0.6717298528274447,0.07433161418400895,6.716502159731064e-30,gausset,0.01,50.0,200.0
404,1.781091599534905,8717897.950169457,20919931.108343422,7275759.65119417,0.0,expset,0.002,50.0,200.0
405,1.8997956919936327,0.1317679187134247,0.17641055574853684,0.08742594142543143,2.1806547355100454e-08,gausset,0.002,50.0,200.0
406,1.7827593233891568,73986510.47259896,172302718.6287018,69848703.32906531,0.0,expset,0.001,50.0,200.0
407,1.7448650688904945,0.5862195372734058,0.004729393051272269,0.3420261423991111,3.473833330808298e-26,gausset,0.001,50.0,200.0
408,,0.10277129128068163,0.35174060000355434,4.079598232648666e-17,5.297852170376009e-16,expset,1.0,50.0,300.0
409,,,,,,gausset,1.0,50.0,300.0
410,,0.14153783477896986,0.17788831014109685,0.005600760980324709,1.8810868656899346e-08,expset,0.1,50.0,300.0
411,1.9499333748551062,0.19004254705737836,0.6501017473154865,0.029265081138377284,5.840363074966801e-29,gausset,0.1,50.0,300.0
412,1.5593903293036964,348.55597592510156,3737.3923459175003,0.0,0.0,expset,0.02,50.0,300.0
413,1.9499329980771714,0.1898682134791034,0.65014093019714,0.029245427470052834,5.817523624444359e-29,gausset,0.02,50.0,300.0
414,1.7320094645424424,38078.919551848645,171427.14646834426,10505.16491576259,0.0,expset,0.01,50.0,300.0
415,1.9497501977877936,0.19039402068508357,0.6675669499025302,0.02764216105734539,1.0184406739904246e-29,gausset,0.01,50.0,300.0
416,1.7816548429378571,17019504.792583395,30021768.71432138,19588920.08263506,0.0,expset,0.002,50.0,300.0
417,1.8855444970923505,0.03449535878242878,0.2198592293289533,0.02966950529050607,2.829013309700302e-10,gausset,0.002,50.0,300.0
418,1.7833280472183546,141665434.83229977,246321679.79312983,178849496.74525014,0.0,expset,0.001,50.0,300.0
419,1.703309314882637,0.43074059014175986,0.016898784142549826,0.2885451336452654,1.9641464074739265e-19,gausset,0.001,50.0,300.0
